<?xml version="1.0" encoding="UTF-8"?>
<project-private xmlns="http://www.netbeans.org/ns/project-private/1">
    <editor-bookmarks xmlns="http://www.netbeans.org/ns/editor-bookmarks/2" lastBookmarkId="0"/>
    <open-files xmlns="http://www.netbeans.org/ns/projectui-open-files/2">
        <group>
            <file>file:/D:/Computer%20Science%20Code&amp;Homework/ProgrammingTwo/Assignments/A3/Assignment_3A/DogFileIOApp/src/dogfileioapp/PetDog.java</file>
            <file>file:/D:/Computer%20Science%20Code&amp;Homework/ProgrammingTwo/Assignments/A3/Assignment_3A/DogFileIOApp/src/dogfileioapp/SortDogsByBreed.java</file>
            <file>file:/D:/Computer%20Science%20Code&amp;Homework/ProgrammingTwo/Assignments/A3/Assignment_3A/DogFileIOApp/src/dogfileioapp/SortDogsByAge.java</file>
            <file>file:/D:/Computer%20Science%20Code&amp;Homework/ProgrammingTwo/Assignments/A3/Assignment_3A/DogFileIOApp/src/dogfileioapp/TextFileIOTestDriver.java</file>
            <file>file:/D:/Computer%20Science%20Code&amp;Homework/ProgrammingTwo/Assignments/A3/Assignment_3A/DogFileIOApp/src/dogfileioapp/SortDogsByNameAge.java</file>
            <file>file:/D:/Computer%20Science%20Code&amp;Homework/ProgrammingTwo/Assignments/A3/Assignment_3A/DogFileIOApp/src/dogfileioapp/SortDogsByName.java</file>
        </group>
    </open-files>
</project-private>
