<?xml version="1.0" encoding="UTF-8"?>
<project-private xmlns="http://www.netbeans.org/ns/project-private/1">
    <editor-bookmarks xmlns="http://www.netbeans.org/ns/editor-bookmarks/2" lastBookmarkId="0"/>
    <open-files xmlns="http://www.netbeans.org/ns/projectui-open-files/2">
        <group>
            <file>file:/D:/Computer%20Science%20Code&amp;Homework/ProgrammingTwo/Assignments/A4/Assignment4B/Pet/src/pet/Assignment_4A_Driver.java</file>
            <file>file:/D:/Computer%20Science%20Code&amp;Homework/ProgrammingTwo/Assignments/A4/Assignment4B/Pet/src/pet/UnknownPetTypeException.java</file>
            <file>file:/D:/Computer%20Science%20Code&amp;Homework/ProgrammingTwo/Assignments/A4/Assignment4B/Pet/src/pet/Pet.java</file>
            <file>file:/D:/Computer%20Science%20Code&amp;Homework/ProgrammingTwo/Assignments/A4/Assignment4B/Pet/src/pet/Dog.java</file>
            <file>file:/D:/Computer%20Science%20Code&amp;Homework/ProgrammingTwo/Assignments/A4/Assignment4B/Pet/src/pet/Cat.java</file>
            <file>file:/D:/Computer%20Science%20Code&amp;Homework/ProgrammingTwo/Assignments/A4/Assignment4B/Pet/src/pet/Duck.java</file>
            <file>file:/D:/Computer%20Science%20Code&amp;Homework/ProgrammingTwo/Assignments/A4/Assignment4B/Pet/src/pet/ExceptionApplication.java</file>
        </group>
    </open-files>
</project-private>
